element,sp_num,obs_wl_air(nm),ritz_wl_air(nm),intens,Aki(s^-1),Acc,Ei(cm-1),Ek(cm-1),conf_i,term_i,J_i,conf_k,term_k,J_k,Type,tp_ref,line_ref,
Er,3,216.526,,2,,,,,,,,,,,,,L1925,
Er,3,219.077,,3,,,,,,,,,,,,,L1925,
Er,3,219.815,,10,,,,,,,,,,,,,L1925,
Er,3,222.398,,1,,,,,,,,,,,,,L1925,
Er,3,223.235,,4,,,,,,,,,,,,,L1925,
Er,3,223.528,,60,,,,,,,,,,,,,L1925,
Er,3,224.560,,8,,,,,,,,,,,,,L1925,
Er,3,225.595,,2,,,,,,,,,,,,,L1925,
Er,3,226.936,,80,,,,,,,,,,,,,L1925,
Er,3,227.765,,600,,,,,,,,,,,,,L1925,
Er,3,230.919,,100,,,,,,,,,,,,,L1925,
Er,2,235.851,,110,,,,,,,,,,,,,L3475,
Er,3,235.869,,40,,,,,,,,,,,,,L1925,
Er,3,235.879,,10,,,,,,,,,,,,,L1925,
Er,3,235.933,,50,,,,,,,,,,,,,L1925,
Er,3,236.764,,200,,,,,,,,,,,,,L1925,
Er,3,237.550,,20,,,,,,,,,,,,,L1925,
Er,3,237.707,,10,,,,,,,,,,,,,L1925,
Er,3,238.125,,80,,,,,,,,,,,,,L1925,
Er,3,238.140,,20,,,,,,,,,,,,,L1925,
Er,3,238.175,,40,,,,,,,,,,,,,L1925,
Er,2,238.658,,100,,,,,,,,,,,,,L3475,
Er,2,238.717,,120,,,,,,,,,,,,,L3475,
Er,3,239.196,,6,,,,,,,,,,,,,L1925,
Er,3,239.308,,60,,,,,,,,,,,,,L1925,
Er,3,239.360,,5,,,,,,,,,,,,,L1925,
Er,3,239.640,,250,,,,,,,,,,,,,L1925,
Er,3,239.891,,10,,,,,,,,,,,,,L1925,
Er,3,240.275,,2,,,,,,,,,,,,,L1925,
Er,3,240.458,,80,,,,,,,,,,,,,L1925,
Er,3,241.047,,100,,,,,,,,,,,,,L1925,
Er,3,241.981,,200,,,,,,,,,,,,,L1925,
Er,3,242.247,,200,,,,,,,,,,,,,L1925,
Er,3,243.151,,40,,,,,,,,,,,,,L1925,
Er,2,244.639,,140,,,,,,,,,,,,,L3475,
Er,3,246.460,,60,,,,,,,,,,,,,L1925,
Er,3,249.204,,2,,,,,,,,,,,,,L1925,
Er,3,250.859,,100,,,,,,,,,,,,,L1925,
Er,3,253.103,,2,,,,,,,,,,,,,L1925,
Er,3,253.236,,100,,,,,,,,,,,,,L1925,
Er,3,253.676,,8,,,,,,,,,,,,,L1925,
Er,2,253.702,,100,,,,,,,,,,,,,L3475,
Er,3,254.091,,80,,,,,,,,,,,,,L1925,
Er,3,254.331,,3,,,,,,,,,,,,,L1925,
Er,3,254.595,,10,,,,,,,,,,,,,L1925,
Er,2,254.728,,110,,,,,,,,,,,,,L3475,
Er,3,255.722,,50,,,,,,,,,,,,,L1925,
Er,3,257.074,,80,,,,,,,,,,,,,L1925,
Er,3,258.002,,40,,,,,,,,,,,,,L1925,
Er,2,258.673,,290,,,,,,,,,,,,,L3475,
Er,2,258.704,,110,,,,,,,,,,,,,L3475,
Er,3,258.955,,2,,,,,,,,,,,,,L1925,
Er,3,259.072,,80,,,,,,,,,,,,,L1925,
Er,3,259.156,,20,,,,,,,,,,,,,L1925,
Er,3,259.183,,200,,,,,,,,,,,,,L1925,
Er,2,259.257,,130,,,,,,,,,,,,,L3475,
Er,2,259.503,,120,,,,,,,,,,,,,L3475,
Er,3,259.839,,20,,,,,,,,,,,,,L1925,
Er,3,259.918,,3,,,,,,,,,,,,,L1925,
Er,3,260.362,,100,,,,,,,,,,,,,L1925,
Er,3,260.491,,40,,,,,,,,,,,,,L1925,
Er,3,261.453,,25,,,,,,,,,,,,,L1925,
Er,3,261.764,,30,,,,,,,,,,,,,L1925,
Er,3,261.840,,2,,,,,,,,,,,,,L1925,
Er,3,261.894,,2,,,,,,,,,,,,,L1925,
Er,2,262.418,,140,,,,,,,,,,,,,L3475,
Er,3,262.519,,8,,,,,,,,,,,,,L1925,
Er,3,262.637,,20,,,,,,,,,,,,,L1925,
Er,3,263.752,,4,,,,,,,,,,,,,L1925,
Er,3,263.777,,200,,,,,,,,,,,,,L1925,
Er,3,265.149,,5,,,,,,,,,,,,,L1925,
Er,2,267.026,,490,,,,,,,,,,,,,L3475,
Er,2,267.225,,330,,,,,,,,,,,,,L3475,
Er,2,267.535,,100,,,,,,,,,,,,,L3475,
Er,3,268.310,,25,,,,,,,,,,,,,L1925,
Er,3,272.329,,400,,,,,,,,,,,,,L1925,
Er,3,273.853,,100,,,,,,,,,,,,,L1925,
Er,3,273.927,,500,,,,,,,,,,,,,L1925,
Er,2,273.931,,270,,,,,,,,,,,,,L3475,
Er,3,274.141,,8,,,,,,,,,,,,,L1925,
Er,3,274.603,,80,,,,,,,,,,,,,L1925,
Er,2,275.019,,310,,,,,,,,,,,,,L3475,
Er,3,275.220,,6,,,,,,,,,,,,,L1925,
Er,2,275.501,,230,,,,,,,,,,,,,L3475,
Er,2,275.563,,610,,,,,,,,,,,,,L3475,
Er,3,275.620,,80,,,,,,,,,,,,,L1925,
Er,3,275.923,,400,,,,,,,,,,,,,L1925,
Er,3,276.192,,150,,,,,,,,,,,,,L1925,
Er,3,276.266,,60,,,,,,,,,,,,,L1925,
Er,3,276.711,,15,,,,,,,,,,,,,L1925,
Er,3,276.872,,100,,,,,,,,,,,,,L1925,
Er,2,277.002,,510,,,,,,,,,,,,,L3475,
Er,3,277.207,,60,,,,,,,,,,,,,L1925,
Er,3,277.480,,60,,,,,,,,,,,,,L1925,
Er,3,277.555,,20,,,,,,,,,,,,,L1925,
Er,2,277.897,,230,,,,,,,,,,,,,L3475,
Er,3,278.060,,2,,,,,,,,,,,,,L1925,
Er,3,278.311,,80,,,,,,,,,,,,,L1925,
Er,3,279.254,,500,,,,,,,,,,,,,L1925,
Er,2,280.253,,230,,,,,,,,,,,,,L3475,
Er,3,280.410,,10,,,,,,,,,,,,,L1925,
Er,2,280.435,,310,,,,,,,,,,,,,L3475,
Er,3,280.587,,100,,,,,,,,,,,,,L1925,
Er,3,280.844,,6,,,,,,,,,,,,,L1925,
Er,2,282.019,,410,,,,,,,,,,,,,L3475,
Er,3,282.475,,50,,,,,,,,,,,,,L1925,
Er,3,283.034,,150,,,,,,,,,,,,,L1925,
Er,3,283.195,,1,,,,,,,,,,,,,L1925,
Er,3,283.303,,8,,,,,,,,,,,,,L1925,
Er,2,283.391,,270bl,,,,,,,,,,,,,L3475,
Er,2,283.871,,390,,,,,,,,,,,,,L3475,
Er,3,284.529,,8,,,,,,,,,,,,,L1925,
Er,3,284.608,,60,,,,,,,,,,,,,L1925,
Er,2,284.837,,270,,,,,,,,,,,,,L3475,
Er,3,284.963,,6,,,,,,,,,,,,,L1925,
Er,2,285.541,,250,,,,,,,,,,,,,L3475,
Er,2,285.984,,310,,,,,,,,,,,,,L3475,
Er,3,286.952,,1,,,,,,,,,,,,,L1925,
Er,3,287.824,,8,,,,,,,,,,,,,L1925,
Er,2,289.696,,310,,,,,,,,,,,,,L3475,
Er,2,289.752,,390,,,,,,,,,,,,,L3475,
Er,2,290.447,,1000,,,,,,,,,,,,,L3475,
Er,2,290.958,,210,,,,,,,,,,,,,L3475,
Er,2,291.036,,1500,,,,,,,,,,,,,L3475,
Er,2,291.562,,270,,,,,,,,,,,,,L3475,
Er,2,292.927,,350,,,,,,,,,,,,,L3475,
Er,2,294.528,,270,,,,,,,,,,,,,L3475,
Er,2,294.662,,230,,,,,,,,,,,,,L3475,
Er,3,295.593,,1,,,,,,,,,,,,,L1925,
Er,3,295.863,,1,,,,,,,,,,,,,L1925,
Er,2,296.452,,1500,,,,,,,,,,,,,L3475,
Er,2,296.876,,410,,,,,,,,,,,,,L3475,
Er,2,297.447,,210,,,,,,,,,,,,,L3475,
Er,2,297.568,,230,,,,,,,,,,,,,L3475,
Er,2,298.380,,270,,,,,,,,,,,,,L3475,
Er,2,300.241,,1200,,,,,,,,,,,,,L3475,
Er,2,300.265,,310,,,,,,,,,,,,,L3475,
Er,2,301.247,,230,,,,,,,,,,,,,L3475,
Er,2,301.684,,230,,,,,,,,,,,,,L3475,
Er,2,302.595,,290,,,,,,,,,,,,,L3475,
Er,2,302.827,,270,,,,,,,,,,,,,L3475,
Er,2,303.131,,370,,,,,,,,,,,,,L3475,
Er,2,303.622,,310,,,,,,,,,,,,,L3475,
Er,2,305.442,,210,,,,,,,,,,,,,L3475,
Er,3,305.510,,1000,,,,,,,,,,,,,L1925,
Er,2,306.622,,230,,,,,,,,,,,,,L3475,
Er,3,307.040,,1000,,,,,,,,,,,,,L1925,
Er,2,307.074,,450,,,,,,,,,,,,,L3475,
Er,2,307.253,,560,,,,,,,,,,,,,L3475,
Er,2,307.334,,610,,,,,,,,,,,,,L3475,
Er,2,307.887,,210,,,,,,,,,,,,,L3475,
Er,2,308.208,,720,,,,,,,,,,,,,L3475,
Er,2,308.402,,610,,,,,,,,,,,,,L3475,
Er,2,309.919,,370,,,,,,,,,,,,,L3475,
Er,3,310.040,,500,,,,,,,,,,,,,L1925,
Er,2,310.678,,230,,,,,,,,,,,,,L3475,
Er,2,311.343,,310bl,,,,,,,,,,,,,L3475,
Er,2,312.272,,770,,,,,,,,,,,,,L3475,
Er,2,313.252,,290,,,,,,,,,,,,,L3475,
Er,2,313.277,,470,,,,,,,,,,,,,L3475,
Er,2,314.110,,410,,,,,,,,,,,,,L3475,
Er,2,314.433,,250,,,,,,,,,,,,,L3475,
Er,2,315.429,,410,,,,,,,,,,,,,L3475,
Er,3,316.625,,1500,,,,,,,,,,,,,L1925,
Er,3,317.247,,3,,,,,,,,,,,,,L1925,
Er,3,317.345,,1,,,,,,,,,,,,,L1925,
Er,3,317.574,,50,,,,,,,,,,,,,L1925,
Er,2,318.192,,870,,,,,,,,,,,,,L3475,
Er,2,318.342,,410,,,,,,,,,,,,,L3475,
Er,2,318.525,,250,,,,,,,,,,,,,L3475,
Er,2,320.058,,310,,,,,,,,,,,,,L3475,
Er,2,320.515,,230,,,,,,,,,,,,,L3475,
Er,2,321.444,,270,,,,,,,,,,,,,L3475,
Er,3,321.495,,400,,,,,,,,,,,,,L1925,
Er,2,322.073,,870,,,,,,,,,,,,,L3475,
Er,2,322.331,,610,,,,,,,,,,,,,L3475,
Er,2,322.716,,210,,,,,,,,,,,,,L3475,
Er,2,323.058,323.05829+,2300,1.5e+08,,440.434,31385.667,4f12.(3H<6>).6s<1/2>,"(6,1/2)",11/2,,*,11/2,,T6288,L3475,
Er,2,323.203,,250,,,,,,,,,,,,,L3475,
Er,2,323.798,,330,,,,,,,,,,,,,L3475,
Er,2,324.934,,330,,,,,,,,,,,,,L3475,
Er,2,325.905,,560,,,,,,,,,,,,,L3475,
Er,2,326.478,326.47805+,2700,5.8e+07,,0.000,30621.102,4f12.(3H<6>).6s<1/2>,"(6,1/2)",13/2,4f12.(3H<6>).6p<3/2>?,"(6,3/2)*?",13/2,,T6288,L3475,
Er,2,326.710,,430,,,,,,,,,,,,,L3475,
Er,2,326.941,,330,,,,,,,,,,,,,L3475,
Er,2,327.822,,250,,,,,,,,,,,,,L3475,
Er,2,327.933,,720,,,,,,,,,,,,,L3475,
Er,2,328.022,,720,,,,,,,,,,,,,L3475,
Er,2,328.677,,470,,,,,,,,,,,,,L3475,
Er,3,330.123,,2000,,,,,,,,,,,,,L1925,
Er,2,330.388,,330bl,,,,,,,,,,,,,L3475,
Er,2,330.556,,370,,,,,,,,,,,,,L3475,
Er,2,331.242,331.24259+,2300,3.7e+07,,440.434,30621.102,4f12.(3H<6>).6s<1/2>,"(6,1/2)",11/2,4f12.(3H<6>).6p<3/2>?,"(6,3/2)*?",13/2,,T6288,L3475,
Er,2,331.639,,560,,,,,,,,,,,,,L3475,
Er,2,332.319,,770,,,,,,,,,,,,,L3475,
Er,2,332.966,,290,,,,,,,,,,,,,L3475,
Er,2,333.270,,770,,,,,,,,,,,,,L3475,
Er,2,333.725,,370,,,,,,,,,,,,,L3475,
Er,2,333.779,,290,,,,,,,,,,,,,L3475,
Er,2,334.003,,250,,,,,,,,,,,,,L3475,
Er,3,334.100,,8,,,,,,,,,,,,,L1925,
Er,2,334.184,,290,,,,,,,,,,,,,L3475,
Er,2,334.604,,1300,,,,,,,,,,,,,L3475,
Er,2,335.006,,470,,,,,,,,,,,,,L3475,
Er,2,335.026,,350,,,,,,,,,,,,,L3475,
Er,2,336.408,,1400,,,,,,,,,,,,,L3475,
Er,2,336.802,,1400bl,,,,,,,,,,,,,L3475,
Er,2,337.055,,450,,,,,,,,,,,,,L3475,
Er,2,337.271,337.27522+,7700,1.3e+08,,0.000,29640.863,4f12.(3H<6>).6s<1/2>,"(6,1/2)",13/2,4f12.(3H<6>).6p<3/2>?,"(6,3/2)*?",15/2,,T6288,L3475,
Er,2,337.417,,970,,,,,,,,,,,,,L3475,
Er,2,338.132,,290,,,,,,,,,,,,,L3475,
Er,1,338.206,,230,,,,,,,,,,,,,L3475,
Er,2,338.508,,1700,,,,,,,,,,,,,L3475,
Er,2,338.974,,450,,,,,,,,,,,,,L3475,
Er,2,339.200,339.19865+,2300,2.35e+07,,0.000,29472.789,4f12.(3H<6>).6s<1/2>,"(6,1/2)",13/2,,*,15/2,,T6288,L3475,
Er,2,339.607,,350,,,,,,,,,,,,,L3475,
Er,2,339.684,,290,,,,,,,,,,,,,L3475,
Er,2,340.183,,390,,,,,,,,,,,,,L3475,
Er,2,341.763,,350,,,,,,,,,,,,,L3475,
Er,2,342.839,,490,,,,,,,,,,,,,L3475,
Er,2,344.113,,770,,,,,,,,,,,,,L3475,
Er,1,344.268,,390,,,,,,,,,,,,,L3475,
Er,1,346.951,,490,,,,,,,,,,,,,L3475,
Er,2,347.171,,970,,,,,,,,,,,,,L3475,
Er,2,347.941,,610,,,,,,,,,,,,,L3475,
Er,3,348.054,,200,,,,,,,,,,,,,L1925,
Er,2,348.585,,970,,,,,,,,,,,,,L3475,
Er,2,348.682,,350,,,,,,,,,,,,,L3475,
Er,2,349.686,,350,,,,,,,,,,,,,L3475,
Er,2,349.910,349.91027+,6700,7.5e+07,,440.434,29011.015,4f12.(3H<6>).6s<1/2>,"(6,1/2)",11/2,4f12.(3H<6>).6p<3/2>?,"(6,3/2)*?",9/2,,T6288,L3475,
Er,1,350.278,,610,,,,,,,,,,,,,L3475,
Er,2,350.838,,390,,,,,,,,,,,,,L3475,
Er,2,351.489,,490,,,,,,,,,,,,,L3475,
Er,2,351.818,,390,,,,,,,,,,,,,L3475,
Er,2,352.491,,610,,,,,,,,,,,,,L3475,
Er,1,353.959,,410,,,,,,,,,,,,,L3475,
Er,2,354.826,,310,,,,,,,,,,,,,L3475,
Er,2,354.984,,820,,,,,,,,,,,,,L3475,
Er,2,355.320,,310,,,,,,,,,,,,,L3475,
Er,1,355.802,,1500,,,,,,,,,,,,,L3475,
Er,1,355.871,,510,,,,,,,,,,,,,L3475,
Er,2,355.990,,1000,,,,,,,,,,,,,L3475,
Er,1,356.517,,310,,,,,,,,,,,,,L3475,
Er,2,357.075,,920,,,,,,,,,,,,,L3475,
Er,1,357.824,,310,,,,,,,,,,,,,L3475,
Er,2,358.052,,1000,,,,,,,,,,,,,L3475,
Er,1,358.660,,370,,,,,,,,,,,,,L3475,
Er,1,359.076,,610,,,,,,,,,,,,,L3475,
Er,3,359.296,,8,,,,,,,,,,,,,L1925,
Er,1,359.584,,410,,,,,,,,,,,,,L3475,
Er,2,359.950,,610,,,,,,,,,,,,,L3475,
Er,2,359.983,,1000,,,,,,,,,,,,,L3475,
Er,2,360.490,,510,,,,,,,,,,,,,L3475,
Er,1,360.742,,410,,,,,,,,,,,,,L3475,
Er,2,361.656,361.65658+,3100,2.0e+07,,0.000,27642.658,4f12.(3H<6>).6s<1/2>,"(6,1/2)",13/2,,*,11/2,,T6288,L3475,
Er,2,361.785,,510,,,,,,,,,,,,,L3475,
Er,2,361.892,,510,,,,,,,,,,,,,L3475,
Er,1,362.804,,720,,,,,,,,,,,,,L3475,
Er,1,362.937,,310,,,,,,,,,,,,,L3475,
Er,2,363.354,,1000,,,,,,,,,,,,,L3475,
Er,1,363.467,,510,,,,,,,,,,,,,L3475,
Er,1,363.868,,1600,,,,,,,,,,,,,L3475,
Er,2,364.594,,900,,,,,,,,,,,,,L3475,
Er,2,365.041,,520,,,,,,,,,,,,,L3475,
Er,2,365.258,,360,,,,,,,,,,,,,L3475,
Er,2,365.287,,500,,,,,,,,,,,,,L3475,
Er,1,366.445,,360,,,,,,,,,,,,,L3475,
Er,2,366.902,,470,,,,,,,,,,,,,L3475,
Er,2,368.270,,500,,,,,,,,,,,,,L3475,
Er,1,368.401,,320,,,,,,,,,,,,,L3475,
Er,2,368.428,,380,,,,,,,,,,,,,L3475,
Er,2,369.265,369.26494+,7900,4.8e+07,,440.434,27513.555,4f12.(3H<6>).6s<1/2>,"(6,1/2)",11/2,,*,13/2,,T6288,L3475,
Er,2,369.625,,450,,,,,,,,,,,,,L3475,
Er,1,369.768,,380,,,,,,,,,,,,,L3475,
Er,2,370.072,,540,,,,,,,,,,,,,L3475,
Er,2,370.764,,520,,,,,,,,,,,,,L3475,
Er,2,371.239,,520,,,,,,,,,,,,,L3475,
Er,3,371.567,,600,,,,,,,,,,,,,L1925,
Er,1,371.935,,320,,,,,,,,,,,,,L3475,
Er,2,372.952,,1300,,,,,,,,,,,,,L3475,
Er,2,373.126,,450,,,,,,,,,,,,,L3475,
Er,2,373.816,,540,,,,,,,,,,,,,L3475,
Er,3,373.943,,200,,,,,,,,,,,,,L1925,
Er,2,374.110,,340,,,,,,,,,,,,,L3475,
Er,2,374.264,,900,,,,,,,,,,,,,L3475,
Er,1,374.743,,900,,,,,,,,,,,,,L3475,
Er,1,375.605,,540,,,,,,,,,,,,,L3475,
Er,2,378.101,,410,,,,,,,,,,,,,L3475,
Er,2,378.684,,1800,,,,,,,,,,,,,L3475,
Er,2,378.786,,560,,,,,,,,,,,,,L3475,
Er,2,379.183,,560,,,,,,,,,,,,,L3475,
Er,1,379.279,,500,,,,,,,,,,,,,L3475,
Er,2,379.706,,560,,,,,,,,,,,,,L3475,
Er,1,381.033,,1600,,,,,,,,,,,,,L3475,
Er,3,381.678,,4000,,,,,,,,,,,,,L1925,
Er,2,383.048,383.04818+,3600,1.4e+07,,0.000,26098.972,4f12.(3H<6>).6s<1/2>,"(6,1/2)",13/2,4f12.(3H<6>).6p<1/2>?,"(6,1/2)*?",13/2,,T6288,L3475,
Er,1,384.991,,540,,,,,,,,,,,,,L3475,
Er,2,385.160,,320,,,,,,,,,,,,,L3475,
Er,1,385.590,,680,,,,,,,,,,,,,L3475,
Er,2,385.839,,540,,,,,,,,,,,,,L3475,
Er,1,386.285,386.28515+,7500,1.16e+08,,0.000,25880.274,4f12.6s2,3H,6,4f12.(3H).6s.6p,*,6,,T7227,L3475,
Er,2,388.061,,1500,,,,,,,,,,,,,L3475,
Er,2,388.289,,1200,,,,,,,,,,,,,L3475,
Er,2,389.061,,400,,,,,,,,,,,,,L3475,
Er,1,389.268,389.26849+,4200,7.28e+07,,0.000,25681.933,4f12.6s2,3H,6,4f11.(4F*).5d.6s2,*,5,,T7227,L3475,
Er,2,389.623,389.62343+,5200,1.8e+07,,440.434,26098.972,4f12.(3H<6>).6s<1/2>,"(6,1/2)",11/2,4f12.(3H<6>).6p<1/2>?,"(6,1/2)*?",13/2,,T6288,L3475,
Er,2,390.276,,810,,,,,,,,,,,,,L3475,
Er,1,390.398,,250,,,,,,,,,,,,,L3475,
Er,2,390.456,,250,,,,,,,,,,,,,L3475,
Er,1,390.540,,1200,,,,,,,,,,,,,L3475,
Er,2,390.631,390.63122+,11000,3.23e+07,,0.000,25592.343,4f12.(3H<6>).6s<1/2>,"(6,1/2)",13/2,4f12.(3H<6>).6p<1/2>?,"(6,1/2)*?",11/2,,T6288,L3475,
Er,1,391.805,,280,,,,,,,,,,,,,L3475,
Er,2,391.835,,210,,,,,,,,,,,,,L3475,
Er,2,392.188,,280,,,,,,,,,,,,,L3475,
Er,2,393.225,,810,,,,,,,,,,,,,L3475,
Er,1,393.701,393.70129+,3200,2.92e+07,,0.000,25392.779,4f12.6s2,3H,6,4f11.(4F*).5d.6s2,*,6,,T7227,L3475,
Er,2,393.863,393.86261+,2100,,,0.000,25382.379,4f12.(3H<6>).6s<1/2>,"(6,1/2)",13/2,,*,11/2,,,L3475,
Er,1,394.442,394.44211+,3200,,,5035.193,30380.282,4f12.6s2,3F,4,4f11.(4I*).5d2.(3F) (4F*).6s,*,5,,,L3475,
Er,1,394.806,,550,,,,,,,,,,,,,L3475,
Er,1,395.148,,250,,,,,,,,,,,,,L3475,
Er,1,395.642,,320,,,,,,,,,,,,,L3475,
Er,3,396.287,,600,,,,,,,,,,,,,L1925,
Er,1,396.635,,280,,,,,,,,,,,,,L3475,
Er,1,397.304,397.30356+,2700,4.79e+07,,0.000,25162.553,4f12.6s2,3H,6,4f11.(4I*).5d.6s2,*,5,,T7227,L3475,
Er,1,397.358,397.35741+,3200,3.66e+07,,0.000,25159.143,4f12.6s2,3H,6,,*,7,,T7227,L3475,
Er,2,397.472,,1400,,,,,,,,,,,,,L3475,
Er,1,397.673,,280,,,,,,,,,,,,,L3475,
Er,1,397.702,,810,,,,,,,,,,,,,L3475,
Er,1,398.233,,1100,,,,,,,,,,,,,L3475,
Er,1,398.753,,280,,,,,,,,,,,,,L3475,
Er,1,398.766,,810,,,,,,,,,,,,,L3475,
Er,1,399.115,,230,,,,,,,,,,,,,L3475,
Er,1,400.405,,230,,,,,,,,,,,,,L3475,
Er,1,400.796,400.79641+,14000,1.73e+08,,0.000,24943.272,4f12.6s2,3H,6,4f12.(3H).6s.6p,*,7,,T7227,L3475,
Er,2,400.818,,230,,,,,,,,,,,,,L3475,
Er,2,400.916,,280,,,,,,,,,,,,,L3475,
Er,3,400.970,,40,,,,,,,,,,,,,L1925,
Er,1,401.258,,1100,,,,,,,,,,,,,L3475,
Er,2,401.557,,350,,,,,,,,,,,,,L3475,
Er,1,402.051,402.05132+,3000,,,6958.329,31823.748,4f12.6s2,3H,5,4f12.(3H).6s.6p,*,6,,,L3475,
Er,1,402.155,,450,,,,,,,,,,,,,L3475,
Er,2,404.301,,230,,,,,,,,,,,,,L3475,
Er,1,404.696,,1000,,,,,,,,,,,,,L3475,
Er,2,404.834,,280,,,,,,,,,,,,,L3475,
Er,2,404.949,,200,,,,,,,,,,,,,L3475,
Er,2,405.547,,940,,,,,,,,,,,,,L3475,
Er,1,405.951,,550,,,,,,,,,,,,,L3475,
Er,2,405.978,,690,,,,,,,,,,,,,L3475,
Er,1,407.788,,420,,,,,,,,,,,,,L3475,
Er,2,408.124,,550,,,,,,,,,,,,,L3475,
Er,1,408.763,408.76318+,3500,3.03e+07,,0.000,24457.139,4f12.6s2,3H,6,4f11.(4I*).5d.6s2,*,6,,T7227,L3475,
Er,3,408.858,,2,,,,,,,,,,,,,L1925,
Er,1,409.290,,210,,,,,,,,,,,,,L3475,
Er,1,409.810,,1100,,,,,,,,,,,,,L3475,
Er,2,410.056,,350,,,,,,,,,,,,,L3475,
Er,1,411.636,,320,,,,,,,,,,,,,L3475,
Er,1,411.855,,320,,,,,,,,,,,,,L3475,
Er,1,413.150,,600,,,,,,,,,,,,,L3475,
Er,2,414.291,,550,,,,,,,,,,,,,L3475,
Er,1,415.111,415.11075+,6900,9.60e+07,,0.000,24083.166,4f12.6s2,3H,6,4f12.(3H).6s.6p,*,5,,T7227,L3475,
Er,2,418.998,,280,,,,,,,,,,,,,L3475,
Er,1,419.070,,1000,,,,,,,,,,,,,L3475,
Er,1,420.532,,130,,,,,,,,,,,,,L3475,
Er,1,421.843,,1400,,,,,,,,,,,,,L3475,
Er,1,422.099,,200,,,,,,,,,,,,,L3475,
Er,2,423.020,,320,,,,,,,,,,,,,L3475,
Er,2,423.478,,140,,,,,,,,,,,,,L3475,
Er,2,425.194,,200,,,,,,,,,,,,,L3475,
Er,2,427.648,,140,,,,,,,,,,,,,L3475,
Er,1,428.656,,690,,,,,,,,,,,,,L3475,
Er,3,428.818,,1000,,,,,,,,,,,,,L1925,
Er,3,429.006,,40000,,,,,,,,,,,,,L1925,
Er,1,429.891,,320,,,,,,,,,,,,,L3475,
Er,2,430.160,,320,,,,,,,,,,,,,L3475,
Er,2,430.381,,140,,,,,,,,,,,,,L3475,
Er,2,431.994,,110,,,,,,,,,,,,,L3475,
Er,1,432.881,,130,,,,,,,,,,,,,L3475,
Er,1,433.136,,110,,,,,,,,,,,,,L3475,
Er,3,433.824,,300,,,,,,,,,,,,,L1925,
Er,1,434.092,,140,,,,,,,,,,,,,L3475,
Er,1,434.834,,190,,,,,,,,,,,,,L3475,
Er,2,436.939,,110,,,,,,,,,,,,,L3475,
Er,1,438.217,,160,,,,,,,,,,,,,L3475,
Er,2,438.470,,300,,,,,,,,,,,,,L3475,
Er,1,438.640,,300,,,,,,,,,,,,,L3475,
Er,3,438.686,,20000,,,,,,,,,,,,,L1925,
Er,2,440.317,,100,,,,,,,,,,,,,L3475,
Er,1,440.934,,810,,,,,,,,,,,,,L3475,
Er,1,441.870,,180,,,,,,,,,,,,,L3475,
Er,2,441.961,,570,,,,,,,,,,,,,L3475,
Er,2,442.251,,110,,,,,,,,,,,,,L3475,
Er,1,442.457,,320,,,,,,,,,,,,,L3475,
Er,1,442.677,,370,,,,,,,,,,,,,L3475,
Er,1,443.766,,110,,,,,,,,,,,,,L3475,
Er,2,445.924,,100,,,,,,,,,,,,,L3475,
Er,2,447.350,,100,,,,,,,,,,,,,L3475,
Er,1,449.639,,130,,,,,,,,,,,,,L3475,
Er,2,450.075,,200,,,,,,,,,,,,,L3475,
Er,1,452.274,,130,,,,,,,,,,,,,L3475,
Er,2,456.326,,160,,,,,,,,,,,,,L3475,
Er,1,460.661,460.6604+,1000,7.54e+06,,0.000,21701.885,4f12.6s2,3H,6,4f11.(4I*<11/2>).5d<5/2>.6s2,"(11/2,5/2)*",6,,T7227,L3475,
Er,3,461.293,,30,,,,,,,,,,,,,L1925,
Er,2,463.088,,160,,,,,,,,,,,,,L3475,
Er,2,464.060,,110,,,,,,,,,,,,,L3475,
Er,2,466.544,,110,,,,,,,,,,,,,L3475,
Er,1,467.316,,310,,,,,,,,,,,,,L3475,
Er,2,467.562,,570,,,,,,,,,,,,,L3475,
Er,2,467.906,,150,,,,,,,,,,,,,L3475,
Er,1,472.269,,230,,,,,,,,,,,,,L3475,
Er,1,472.905,,150,,,,,,,,,,,,,L3475,
Er,3,473.556,,15000,,,,,,,,,,,,,L1925,
Er,2,475.152,,130,,,,,,,,,,,,,L3475,
Er,2,475.965,,170,,,,,,,,,,,,,L3475,
Er,3,478.312,,2000,,,,,,,,,,,,,L1925,
Er,2,482.035,,190,,,,,,,,,,,,,L3475,
Er,1,485.744,,140,,,,,,,,,,,,,L3475,
Er,2,487.209,,150,,,,,,,,,,,,,L3475,
Er,3,487.607,,8,,,,,,,,,,,,,L1925,
Er,2,490.008,,210,,,,,,,,,,,,,L3475,
Er,2,493.411,,210,,,,,,,,,,,,,L3475,
Er,1,494.436,,130,,,,,,,,,,,,,L3475,
Er,2,495.174,,180,,,,,,,,,,,,,L3475,
Er,1,497.642,,130,,,,,,,,,,,,,L3475,
Er,1,500.725,,250,,,,,,,,,,,,,L3475,
Er,1,502.833,,140,,,,,,,,,,,,,L3475,
Er,2,502.891,,120,,,,,,,,,,,,,L3475,
Er,1,503.594,,200,,,,,,,,,,,,,L3475,
Er,2,504.205,,210,,,,,,,,,,,,,L3475,
Er,1,504.386,,130,,,,,,,,,,,,,L3475,
Er,1,504.489,,130,,,,,,,,,,,,,L3475,
Er,2,507.759,,130,,,,,,,,,,,,,L3475,
Er,1,512.456,,120,,,,,,,,,,,,,L3475,
Er,2,512.741,,130,,,,,,,,,,,,,L3475,
Er,1,513.153,,120,,,,,,,,,,,,,L3475,
Er,2,513.383,,130,,,,,,,,,,,,,L3475,
Er,2,516.477,,170,,,,,,,,,,,,,L3475,
Er,1,517.278,,130,,,,,,,,,,,,,L3475,
Er,2,518.890,,160,,,,,,,,,,,,,L3475,
Er,1,520.652,,150,,,,,,,,,,,,,L3475,
Er,2,521.291,,60,,,,,,,,,,,,,L3475,
Er,2,521.513,,30,,,,,,,,,,,,,L3475,
Er,2,521.826,,30,,,,,,,,,,,,,L3475,
Er,2,522.934,,45,,,,,,,,,,,,,L3475,
Er,2,525.593,,140,,,,,,,,,,,,,L3475,
Er,2,525.647,,22,,,,,,,,,,,,,L3475,
Er,2,525.702,,27,,,,,,,,,,,,,L3475,
Er,2,526.477,,35,,,,,,,,,,,,,L3475,
Er,1,527.291,,80,,,,,,,,,,,,,L3475,
Er,1,527.771,,55,,,,,,,,,,,,,L3475,
Er,2,527.934,,27,,,,,,,,,,,,,L3475,
Er,2,530.230,,45,,,,,,,,,,,,,L3475,
Er,1,533.306,,55,,,,,,,,,,,,,L3475,
Er,2,533.333,,27,,,,,,,,,,,,,L3475,
Er,2,533.423,,27,,,,,,,,,,,,,L3475,
Er,2,534.394,,22,,,,,,,,,,,,,L3475,
Er,2,534.450,,30,,,,,,,,,,,,,L3475,
Er,1,534.806,,90,,,,,,,,,,,,,L3475,
Er,1,535.047,,45,,,,,,,,,,,,,L3475,
Er,1,536.885,,35,,,,,,,,,,,,,L3475,
Er,2,539.587,,35,,,,,,,,,,,,,L3475,
Er,2,541.463,,60,,,,,,,,,,,,,L3475,
Er,2,542.281,,18,,,,,,,,,,,,,L3475,
Er,1,545.130,,18w,,,,,,,,,,,,,L3475,
Er,2,545.427,,35,,,,,,,,,,,,,L3475,
Er,1,545.662,,180,,,,,,,,,,,,,L3475,
Er,2,546.243,,35,,,,,,,,,,,,,L3475,
Er,1,546.832,,90,,,,,,,,,,,,,L3475,
Er,2,547.747,,18,,,,,,,,,,,,,L3475,
Er,2,548.597,,80,,,,,,,,,,,,,L3475,
Er,2,549.744,,27,,,,,,,,,,,,,L3475,
Er,1,551.602,,27,,,,,,,,,,,,,L3475,
Er,1,559.346,,80,,,,,,,,,,,,,L3475,
Er,1,560.114,,45bl,,,,,,,,,,,,,L3475,
Er,1,560.994,,45w,,,,,,,,,,,,,L3475,
Er,1,561.182,,60,,,,,,,,,,,,,L3475,
Er,1,562.201,,70,,,,,,,,,,,,,L3475,
Er,2,562.653,,80,,,,,,,,,,,,,L3475,
Er,1,563.620,,30,,,,,,,,,,,,,L3475,
Er,1,564.036,,90,,,,,,,,,,,,,L3475,
Er,1,564.142,,22,,,,,,,,,,,,,L3475,
Er,2,565.863,,22w,,,,,,,,,,,,,L3475,
Er,1,566.495,,70,,,,,,,,,,,,,L3475,
Er,2,566.544,,45,,,,,,,,,,,,,L3475,
Er,1,567.548,,55,,,,,,,,,,,,,L3475,
Er,2,569.553,,14,,,,,,,,,,,,,L3475,
Er,2,571.087,,27,,,,,,,,,,,,,L3475,
Er,1,571.748,,55,,,,,,,,,,,,,L3475,
Er,1,571.955,,70,,,,,,,,,,,,,L3475,
Er,1,572.697,,55,,,,,,,,,,,,,L3475,
Er,2,573.343,,22,,,,,,,,,,,,,L3475,
Er,1,573.656,,22,,,,,,,,,,,,,L3475,
Er,1,573.694,,22,,,,,,,,,,,,,L3475,
Er,1,573.919,,100,,,,,,,,,,,,,L3475,
Er,1,574.061,,35,,,,,,,,,,,,,L3475,
Er,1,574.865,,60,,,,,,,,,,,,,L3475,
Er,1,575.253,,55,,,,,,,,,,,,,L3475,
Er,2,575.763,,70,,,,,,,,,,,,,L3475,
Er,1,576.280,,290,,,,,,,,,,,,,L3475,
Er,1,576.992,,70,,,,,,,,,,,,,L3475,
Er,1,578.282,,45,,,,,,,,,,,,,L3475,
Er,1,578.466,,70,,,,,,,,,,,,,L3475,
Er,2,579.115,,22,,,,,,,,,,,,,L3475,
Er,1,580.079,,70,,,,,,,,,,,,,L3475,
Er,1,580.610,,22,,,,,,,,,,,,,L3475,
Er,1,582.679,582.6805+,430,1.04e+06,,0.000,17157.307,4f12.6s2,3H,6,4f12.(3H<6>).6s.6p.(3P*<1>),"(6,1)*",7,,T7227,L3475,
Er,1,583.584,,45,,,,,,,,,,,,,L3475,
Er,1,585.007,,100,,,,,,,,,,,,,L3475,
Er,1,585.531,,120,,,,,,,,,,,,,L3475,
Er,1,587.235,,140,,,,,,,,,,,,,L3475,
Er,1,588.114,,120,,,,,,,,,,,,,L3475,
Er,2,588.630,,27,,,,,,,,,,,,,L3475,
Er,2,590.208,,27,,,,,,,,,,,,,L3475,
Er,3,590.330,,8000,,,,,,,,,,,,,L1925,
Er,1,590.606,,55,,,,,,,,,,,,,L3475,
Er,1,590.924,,45,,,,,,,,,,,,,L3475,
Er,1,593.350,,35,,,,,,,,,,,,,L3475,
Er,1,594.637,,22,,,,,,,,,,,,,L3475,
Er,1,596.868,,55,,,,,,,,,,,,,L3475,
Er,1,597.549,,27,,,,,,,,,,,,,L3475,
Er,2,600.679,,35,,,,,,,,,,,,,L3475,
Er,2,600.875,,22,,,,,,,,,,,,,L3475,
Er,1,601.483,,55,,,,,,,,,,,,,L3475,
Er,2,601.574,,35,,,,,,,,,,,,,L3475,
Er,1,602.256,,70,,,,,,,,,,,,,L3475,
Er,2,603.212,,22,,,,,,,,,,,,,L3475,
Er,2,604.563,,22,,,,,,,,,,,,,L3475,
Er,2,604.814,,22,,,,,,,,,,,,,L3475,
Er,1,605.485,,45,,,,,,,,,,,,,L3475,
Er,1,606.125,,70,,,,,,,,,,,,,L3475,
Er,2,607.645,,60,,,,,,,,,,,,,L3475,
Er,1,611.601,,35,,,,,,,,,,,,,L3475,
Er,1,612.532,,35,,,,,,,,,,,,,L3475,
Er,2,617.006,,30,,,,,,,,,,,,,L3475,
Er,2,618.321,,27,,,,,,,,,,,,,L3475,
Er,1,622.102,622.1017+,360,8.4e+05,,0.000,16070.095,4f12.6s2,3H,6,4f11.(4I*<13/2>).5d<3/2>.6s2,"(13/2,3/2)*",6,,T7227,L3475,
Er,1,623.090,,35,,,,,,,,,,,,,L3475,
Er,1,626.256,,55,,,,,,,,,,,,,L3475,
Er,1,626.793,,45,,,,,,,,,,,,,L3475,
Er,1,626.887,,60,,,,,,,,,,,,,L3475,
Er,1,627.494,,35,,,,,,,,,,,,,L3475,
Er,1,628.686,,30,,,,,,,,,,,,,L3475,
Er,1,629.942,,45,,,,,,,,,,,,,L3475,
Er,1,630.877,,130,,,,,,,,,,,,,L3475,
Er,1,632.613,,55,,,,,,,,,,,,,L3475,
Er,2,634.716,,22,,,,,,,,,,,,,L3475,
Er,1,638.819,,45,,,,,,,,,,,,,L3475,
Er,1,643.253,,22,,,,,,,,,,,,,L3475,
Er,1,648.587,,27,,,,,,,,,,,,,L3475,
Er,1,649.235,,55,,,,,,,,,,,,,L3475,
Er,1,654.157,,22,,,,,,,,,,,,,L3475,
Er,1,658.348,,60,,,,,,,,,,,,,L3475,
Er,1,660.111,,70,,,,,,,,,,,,,L3475,
Er,1,672.191,,27,,,,,,,,,,,,,L3475,
Er,1,675.987,,70,,,,,,,,,,,,,L3475,
Er,1,676.292,,22,,,,,,,,,,,,,L3475,
Er,1,677.337,,27,,,,,,,,,,,,,L3475,
Er,1,679.092,,35,,,,,,,,,,,,,L3475,
Er,1,682.544,,22,,,,,,,,,,,,,L3475,
Er,1,682.598,,22,,,,,,,,,,,,,L3475,
Er,1,684.810,,70,,,,,,,,,,,,,L3475,
Er,1,686.513,,55,,,,,,,,,,,,,L3475,
Er,1,687.998,,27,,,,,,,,,,,,,L3475,
Er,1,700.140,,22,,,,,,,,,,,,,L3475,
Er,1,705.855,,12,,,,,,,,,,,,,L3475,
Er,1,706.504,,12w,,,,,,,,,,,,,L3475,
Er,2,707.099,,11,,,,,,,,,,,,,L3475,
Er,1,710.127,,18,,,,,,,,,,,,,L3475,
Er,1,710.967,,8,,,,,,,,,,,,,L3475,
Er,2,715.540,,11,,,,,,,,,,,,,L3475,
Er,1,716.191,,5,,,,,,,,,,,,,L3475,
Er,1,719.700,,14w,,,,,,,,,,,,,L3475,
Er,2,726.482,,7w,,,,,,,,,,,,,L3475,
Er,1,728.395,,7w,,,,,,,,,,,,,L3475,
Er,2,732.973,,14,,,,,,,,,,,,,L3475,
Er,1,735.537,,18,,,,,,,,,,,,,L3475,
Er,1,735.634,,11,,,,,,,,,,,,,L3475,
Er,1,742.867,,18,,,,,,,,,,,,,L3475,
Er,1,745.955,,55,,,,,,,,,,,,,L3475,
Er,1,746.042,,9,,,,,,,,,,,,,L3475,
Er,1,746.951,,120,,,,,,,,,,,,,L3475,
Er,1,753.234,,22,,,,,,,,,,,,,L3475,
Er,1,753.918,,6w,,,,,,,,,,,,,L3475,
Er,1,755.626,,27,,,,,,,,,,,,,L3475,
Er,1,757.421,,6w,,,,,,,,,,,,,L3475,
Er,1,759.051,,5w,,,,,,,,,,,,,L3475,
Er,1,759.733,,11,,,,,,,,,,,,,L3475,
Er,1,760.723,,6,,,,,,,,,,,,,L3475,
Er,1,761.352,,11,,,,,,,,,,,,,L3475,
Er,1,762.348,,6,,,,,,,,,,,,,L3475,
Er,1,764.567,,16w,,,,,,,,,,,,,L3475,
Er,1,765.063,,8,,,,,,,,,,,,,L3475,
Er,2,765.445,,22,,,,,,,,,,,,,L3475,
Er,1,765.805,,12w,,,,,,,,,,,,,L3475,
Er,1,765.925,,22,,,,,,,,,,,,,L3475,
Er,1,766.564,,4,,,,,,,,,,,,,L3475,
Er,1,768.001,,35,,,,,,,,,,,,,L3475,
Er,1,772.214,,9,,,,,,,,,,,,,L3475,
Er,2,772.619,,8,,,,,,,,,,,,,L3475,
Er,1,774.744,,11w,,,,,,,,,,,,,L3475,
Er,1,775.463,,22,,,,,,,,,,,,,L3475,
Er,1,776.216,,4,,,,,,,,,,,,,L3475,
Er,1,779.669,,9,,,,,,,,,,,,,L3475,
Er,1,779.747,,35,,,,,,,,,,,,,L3475,
Er,1,783.880,,9,,,,,,,,,,,,,L3475,
Er,1,784.400,,11,,,,,,,,,,,,,L3475,
Er,1,784.755,,16,,,,,,,,,,,,,L3475,
Er,1,787.536,,5,,,,,,,,,,,,,L3475,
Er,1,787.936,,5,,,,,,,,,,,,,L3475,
Er,1,789.955,,18,,,,,,,,,,,,,L3475,
Er,1,791.308,,8,,,,,,,,,,,,,L3475,
Er,1,792.185,,35,,,,,,,,,,,,,L3475,
Er,1,793.784,,30,,,,,,,,,,,,,L3475,
Er,1,795.293,,8,,,,,,,,,,,,,L3475,
Er,1,796.451,,12,,,,,,,,,,,,,L3475,
Er,2,797.903,,8,,,,,,,,,,,,,L3475,
Er,1,798.087,,8,,,,,,,,,,,,,L3475,
Er,1,802.303,,5,,,,,,,,,,,,,L3475,
Er,1,803.591,,12,,,,,,,,,,,,,L3475,
Er,1,818.185,,12,,,,,,,,,,,,,L3475,
Er,1,831.282,,35,,,,,,,,,,,,,L3475,
Er,2,832.857,,18,,,,,,,,,,,,,L3475,
Er,2,836.758,,5,,,,,,,,,,,,,L3475,
Er,1,840.990,,55,,,,,,,,,,,,,L3475,
Er,2,846.618,,11,,,,,,,,,,,,,L3475,
Er,1,847.242,,35,,,,,,,,,,,,,L3475,
Er,2,851.771,,14,,,,,,,,,,,,,L3475,
Er,2,852.137,,18,,,,,,,,,,,,,L3475,
Er,1,876.864,,22,,,,,,,,,,,,,L3475,
Er,2,877.663,,11w,,,,,,,,,,,,,L3475,
Er,2,886.684,,9,,,,,,,,,,,,,L3475,

